acc_epoch,epoch,step,train_loss_epoch
0.15625,0,3,2.282355308532715
0.40625,1,7,1.6110919713974
0.53125,2,11,1.4025089740753174
