acc_epoch,epoch,step,train_loss_epoch
0.125,0,3,2.3550782203674316
0.375,1,7,1.7261178493499756
0.40625,2,11,1.6105165481567383
